{"data":{"0-0":{"vector":[0.526813268661499,-2.7637503147125244],"column":0,"row":0},"1-0":{"vector":[0.6055746078491211,-3.862607002258301],"column":1,"row":0},"2-0":{"vector":[0.04645345360040665,-2.5292725563049316],"column":2,"row":0},"3-0":{"vector":[-1.931779384613037,0.8102346658706665],"column":3,"row":0},"4-0":{"vector":[-1.6856945753097534,0.7534918785095215],"column":4,"row":0},"5-0":{"vector":[-1.5164408683776855,0.918703556060791],"column":5,"row":0},"6-0":{"vector":[-1.4859155416488647,0.7920489311218262],"column":6,"row":0},"7-0":{"vector":[-0.23090261220932007,1.4832682609558105],"column":7,"row":0},"8-0":{"vector":[-0.934318482875824,0.8215361833572388],"column":8,"row":0},"9-0":{"vector":[-0.7484971284866333,0.9576965570449829],"column":9,"row":0},"0-1":{"vector":[0.19302240014076233,-2.1211507320404053],"column":0,"row":1},"1-1":{"vector":[-0.9935728311538696,-2.513751745223999],"column":1,"row":1},"2-1":{"vector":[-0.4913863241672516,-1.5319238901138306],"column":2,"row":1},"3-1":{"vector":[-1.7003446817398071,1.300336241722107],"column":3,"row":1},"4-1":{"vector":[-1.8443186283111572,0.8128334283828735],"column":4,"row":1},"5-1":{"vector":[-1.5819365978240967,0.8206295371055603],"column":5,"row":1},"6-1":{"vector":[0.22462517023086548,0.8888773322105408],"column":6,"row":1},"7-1":{"vector":[0.09517419338226318,1.340450644493103],"column":7,"row":1},"8-1":{"vector":[-0.5212319493293762,1.3832989931106567],"column":8,"row":1},"9-1":{"vector":[-0.7885037660598755,0.9214118719100952],"column":9,"row":1},"0-2":{"vector":[0.705335259437561,-1.3963528871536255],"column":0,"row":2},"1-2":{"vector":[-0.07600090652704239,-1.534982681274414],"column":1,"row":2},"2-2":{"vector":[-0.7271015048027039,-2.344923496246338],"column":2,"row":2},"3-2":{"vector":[-1.8929154872894287,2.154508590698242],"column":3,"row":2},"4-2":{"vector":[-2.126746892929077,0.9184902906417847],"column":4,"row":2},"5-2":{"vector":[-1.5851036310195923,0.7158607244491577],"column":5,"row":2},"6-2":{"vector":[0.04991435259580612,0.4508551061153412],"column":6,"row":2},"7-2":{"vector":[-0.08802696317434311,0.27199020981788635],"column":7,"row":2},"8-2":{"vector":[-0.9858068823814392,0.9441145062446594],"column":8,"row":2},"9-2":{"vector":[-0.8276752233505249,0.7989850044250488],"column":9,"row":2},"0-3":{"vector":[-0.9084635972976685,-0.6151744723320007],"column":0,"row":3},"1-3":{"vector":[-0.601240873336792,-0.4939424395561218],"column":1,"row":3},"2-3":{"vector":[-1.3887643814086914,-1.0938376188278198],"column":2,"row":3},"3-3":{"vector":[-1.7922542095184326,-1.0265074968338013],"column":3,"row":3},"4-3":{"vector":[-2.37764310836792,0.8284204602241516],"column":4,"row":3},"5-3":{"vector":[-1.8502800464630127,-0.1336955726146698],"column":5,"row":3},"6-3":{"vector":[-3.1388466358184814,-0.8427390456199646],"column":6,"row":3},"7-3":{"vector":[-0.6166045069694519,0.3602792024612427],"column":7,"row":3},"8-3":{"vector":[-0.9068533182144165,0.6402735114097595],"column":8,"row":3},"9-3":{"vector":[-0.9678593277931213,0.7069710493087769],"column":9,"row":3},"0-4":{"vector":[-0.5126973390579224,-0.7906460762023926],"column":0,"row":4},"1-4":{"vector":[-0.7506207227706909,-0.6384298205375671],"column":1,"row":4},"2-4":{"vector":[0.311741441488266,-0.8052685856819153],"column":2,"row":4},"3-4":{"vector":[-0.7976335287094116,-0.22131632268428802],"column":3,"row":4},"4-4":{"vector":[-0.7483450174331665,-0.1658855378627777],"column":4,"row":4},"5-4":{"vector":[-2.363147497177124,-0.6944351196289062],"column":5,"row":4},"6-4":{"vector":[-3.1369452476501465,-0.9745102524757385],"column":6,"row":4},"7-4":{"vector":[-2.6017045974731445,-0.5054206848144531],"column":7,"row":4},"8-4":{"vector":[-0.6166045069694519,0.3602792024612427],"column":8,"row":4},"9-4":{"vector":[-1.0312871932983398,0.7041327953338623],"column":9,"row":4},"0-5":{"vector":[-0.3580501973628998,-0.7370054125785828],"column":0,"row":5},"1-5":{"vector":[-0.7770216464996338,-0.6442683935165405],"column":1,"row":5},"2-5":{"vector":[0.17875054478645325,-0.6746833324432373],"column":2,"row":5},"3-5":{"vector":[-1.5933655500411987,0.2792331278324127],"column":3,"row":5},"4-5":{"vector":[-0.9050725102424622,-0.15233613550662994],"column":4,"row":5},"5-5":{"vector":[-0.8145967721939087,-0.06497880816459656],"column":5,"row":5},"6-5":{"vector":[-2.8693249225616455,-0.7399654388427734],"column":6,"row":5},"7-5":{"vector":[4.250619888305664,0.753714382648468],"column":7,"row":5},"8-5":{"vector":[5.399837017059326,1.1415514945983887],"column":8,"row":5},"9-5":{"vector":[5.11793327331543,1.1754961013793945],"column":9,"row":5},"0-6":{"vector":[-0.3742377758026123,-0.94550621509552],"column":0,"row":6},"1-6":{"vector":[-0.5540080070495605,0.2606397867202759],"column":1,"row":6},"2-6":{"vector":[-0.008360255509614944,0.09846699982881546],"column":2,"row":6},"3-6":{"vector":[-1.5493160486221313,0.24074304103851318],"column":3,"row":6},"4-6":{"vector":[-0.9988790154457092,-0.19404096901416779],"column":4,"row":6},"5-6":{"vector":[-0.8686164021492004,-0.06160351634025574],"column":5,"row":6},"6-6":{"vector":[0.8679752349853516,0.6660662889480591],"column":6,"row":6},"7-6":{"vector":[4.428960800170898,0.8381812572479248],"column":7,"row":6},"8-6":{"vector":[5.010848045349121,0.30858272314071655],"column":8,"row":6},"9-6":{"vector":[5.60601282119751,1.395662546157837],"column":9,"row":6},"0-7":{"vector":[-0.22124573588371277,-0.7482391595840454],"column":0,"row":7},"1-7":{"vector":[-0.6347139477729797,0.2033727914094925],"column":1,"row":7},"2-7":{"vector":[-0.07021725177764893,0.032303787767887115],"column":2,"row":7},"3-7":{"vector":[-0.6097193956375122,0.033872246742248535],"column":3,"row":7},"4-7":{"vector":[-0.6594523191452026,0.014875337481498718],"column":4,"row":7},"5-7":{"vector":[1.1195913553237915,0.1246003806591034],"column":5,"row":7},"6-7":{"vector":[0.9460066556930542,-0.44571465253829956],"column":6,"row":7},"7-7":{"vector":[2.752553939819336,0.044192731380462646],"column":7,"row":7},"8-7":{"vector":[4.332393169403076,-0.17274539172649384],"column":8,"row":7},"9-7":{"vector":[4.153006553649902,0.3216003477573395],"column":9,"row":7},"0-8":{"vector":[-0.3215371072292328,0.15091989934444427],"column":0,"row":8},"1-8":{"vector":[-0.008360255509614944,0.09846699982881546],"column":1,"row":8},"2-8":{"vector":[-0.8070866465568542,0.06762124598026276],"column":2,"row":8},"3-8":{"vector":[0.46238797903060913,0.8282093405723572],"column":3,"row":8},"4-8":{"vector":[0.44671526551246643,0.25759878754615784],"column":4,"row":8},"5-8":{"vector":[0.2635200619697571,-0.0506117045879364],"column":5,"row":8},"6-8":{"vector":[0.5628724098205566,-0.1480630487203598],"column":6,"row":8},"7-8":{"vector":[0.4652276635169983,-0.11216424405574799],"column":7,"row":8},"8-8":{"vector":[0.5300402045249939,-0.23345360159873962],"column":8,"row":8},"9-8":{"vector":[4.62693977355957,-0.21319147944450378],"column":9,"row":8},"0-9":{"vector":[-0.2661994695663452,0.14069505035877228],"column":0,"row":9},"1-9":{"vector":[-0.2522331476211548,-0.2731223702430725],"column":1,"row":9},"2-9":{"vector":[0.30395957827568054,0.16407683491706848],"column":2,"row":9},"3-9":{"vector":[0.40631869435310364,-0.19249209761619568],"column":3,"row":9},"4-9":{"vector":[0.3014068901538849,-0.34061312675476074],"column":4,"row":9},"5-9":{"vector":[0.46297594904899597,-0.5509417653083801],"column":5,"row":9},"6-9":{"vector":[0.3345576226711273,-0.3744760751724243],"column":6,"row":9},"7-9":{"vector":[0.13437815010547638,-0.37999439239501953],"column":7,"row":9},"8-9":{"vector":[0.13437815010547638,-0.37999439239501953],"column":8,"row":9},"9-9":{"vector":[0.05094394087791443,-0.19079817831516266],"column":9,"row":9}},"grid":{"rows":10,"columns":10}}