{"data":{"0-0":{"vector":[0.47,0.9,0.9],"column":0,"row":0},"1-0":{"vector":[0.99,0.96,0.47],"column":1,"row":0},"2-0":{"vector":[0.9564999938011169,0.859499990940094,0.4163999855518341],"column":2,"row":0},"3-0":{"vector":[0.9602999687194824,0.6696000099182129,0.3710000216960907],"column":3,"row":0},"4-0":{"vector":[0.94,0.81,0.39],"column":4,"row":0},"5-0":{"vector":[0.9790000319480896,0.9269999861717224,0.45239999890327454],"column":5,"row":0},"6-0":{"vector":[0.9509999752044678,0.8429999947547913,0.4075999855995178],"column":6,"row":0},"7-0":{"vector":[0.26,0.93,0.02],"column":7,"row":0},"8-0":{"vector":[0.5,0.95,0],"column":8,"row":0},"9-0":{"vector":[0.48,0.88,0.28],"column":9,"row":0},"0-1":{"vector":[0.05,0.95,0.8],"column":0,"row":1},"1-1":{"vector":[0.69,0.69,0.98],"column":1,"row":1},"2-1":{"vector":[0.97,0.68,0.77],"column":2,"row":1},"3-1":{"vector":[0.95,0.84,0.85],"column":3,"row":1},"4-1":{"vector":[0.9620000123977661,0.8759999871253967,0.4251999855041504],"column":4,"row":1},"5-1":{"vector":[0.933800995349884,0.5806320309638977,0.35747000575065613],"column":5,"row":1},"6-1":{"vector":[0.04,0.91,0.33],"column":6,"row":1},"7-1":{"vector":[0.22,0.96,0.24],"column":7,"row":1},"8-1":{"vector":[0.7450000047683716,0.9549999833106995,0.23499999940395355],"column":8,"row":1},"9-1":{"vector":[0.57,0.86,0.16],"column":9,"row":1},"0-2":{"vector":[0.08,0.72,0.84],"column":0,"row":2},"1-2":{"vector":[0.32500001788139343,0.8799999952316284,0.75],"column":1,"row":2},"2-2":{"vector":[0.62,0.96,0.77],"column":2,"row":2},"3-2":{"vector":[0.64,0.91,0.62],"column":3,"row":2},"4-2":{"vector":[0.66,0.88,0.56],"column":4,"row":2},"5-2":{"vector":[0.65,0.55,0.61],"column":5,"row":2},"6-2":{"vector":[0.4150000214576721,0.6800000071525574,0.4650000035762787],"column":6,"row":2},"7-2":{"vector":[0.31199997663497925,0.8899999856948853,0.29200002551078796],"column":7,"row":2},"8-2":{"vector":[0.6159499883651733,0.7708500027656555,0.21324999630451202],"column":8,"row":2},"9-2":{"vector":[0.47,0.74,0.15],"column":9,"row":2},"0-3":{"vector":[0.25,0.7,0.93],"column":0,"row":3},"1-3":{"vector":[0.17750000953674316,0.8400000333786011,0.7400000095367432],"column":1,"row":3},"2-3":{"vector":[0.03,0.8,0.73],"column":2,"row":3},"3-3":{"vector":[0.05,0.6,0.72],"column":3,"row":3},"4-3":{"vector":[0.05,0.61,0.52],"column":4,"row":3},"5-3":{"vector":[0,0.2,0.49],"column":5,"row":3},"6-3":{"vector":[0.1793999969959259,0.4740999937057495,0.09970000386238098],"column":6,"row":3},"7-3":{"vector":[0.3,0.59,0.33],"column":7,"row":3},"8-3":{"vector":[0.25,0.6399999856948853,0.20749998092651367],"column":8,"row":3},"9-3":{"vector":[0.56,0.56,0.25],"column":9,"row":3},"0-4":{"vector":[0.01,0.58,0.98],"column":0,"row":4},"1-4":{"vector":[0.019999999552965164,0.41499999165534973,0.8899999856948853],"column":1,"row":4},"2-4":{"vector":[0,0.49,0.64],"column":2,"row":4},"3-4":{"vector":[0.02499999850988388,0.33249998092651367,0.8450000286102295],"column":3,"row":4},"4-4":{"vector":[0.14000000059604645,0.19449999928474426,0.609499990940094],"column":4,"row":4},"5-4":{"vector":[0.3,0.32,0.16],"column":5,"row":4},"6-4":{"vector":[0.13,0.48,0.17],"column":6,"row":4},"7-4":{"vector":[0.12,0.55,0.07],"column":7,"row":4},"8-4":{"vector":[0.33,0.49,0.03],"column":8,"row":4},"9-4":{"vector":[0.4290500283241272,0.5041500329971313,0.18174999952316284],"column":9,"row":4},"0-5":{"vector":[0.2,0.39,0.89],"column":0,"row":5},"1-5":{"vector":[0.03,0.25,0.8],"column":1,"row":5},"2-5":{"vector":[0.21000000834465027,0.19175000488758087,0.6692500114440918],"column":2,"row":5},"3-5":{"vector":[0.22,0.15,0.63],"column":3,"row":5},"4-5":{"vector":[0.15,0.35,0.38],"column":4,"row":5},"5-5":{"vector":[0.36500000953674316,0.03999999910593033,0.1550000011920929],"column":5,"row":5},"6-5":{"vector":[0.24,0.08,0.03],"column":6,"row":5},"7-5":{"vector":[0.3,0.32,0.16],"column":7,"row":5},"8-5":{"vector":[0.36230000853538513,0.4088999629020691,0.1704999953508377],"column":8,"row":5},"9-5":{"vector":[0.48,0.39,0.24],"column":9,"row":5},"0-6":{"vector":[0.33,0.41,0.93],"column":0,"row":6},"1-6":{"vector":[0.23,0.22,0.85],"column":1,"row":6},"2-6":{"vector":[0.2800000011920929,0.18900001049041748,0.7289999723434448],"column":2,"row":6},"3-6":{"vector":[0.24,0,0.62],"column":3,"row":6},"4-6":{"vector":[0.35,0.23,0.45],"column":4,"row":6},"5-6":{"vector":[0.49,0,0.28],"column":5,"row":6},"6-6":{"vector":[0.42750000953674316,0.019999999552965164,0.2175000011920929],"column":6,"row":6},"7-6":{"vector":[0.46,0.17,0.24],"column":7,"row":6},"8-6":{"vector":[0.6000000238418579,0.36500000953674316,0.13999998569488525],"column":8,"row":6},"9-6":{"vector":[0.66,0.43,0.08],"column":9,"row":6},"0-7":{"vector":[0.42500001192092896,0.3499999940395355,0.9049999713897705],"column":0,"row":7},"1-7":{"vector":[0.52,0.29,0.88],"column":1,"row":7},"2-7":{"vector":[0.5820000171661377,0.06000000238418579,0.7699999809265137],"column":2,"row":7},"3-7":{"vector":[0.46799999475479126,0.04000000283122063,0.7200000286102295],"column":3,"row":7},"4-7":{"vector":[0.3540000021457672,0.020000001415610313,0.6700000166893005],"column":4,"row":7},"5-7":{"vector":[0.98,0.13,0.15],"column":5,"row":7},"6-7":{"vector":[0.7360000014305115,0.047999996691942215,0.21400000154972076],"column":6,"row":7},"7-7":{"vector":[0.72,0.34,0.04],"column":7,"row":7},"8-7":{"vector":[0.68,0.41,0.18],"column":8,"row":7},"9-7":{"vector":[0.6600000262260437,0.35249999165534973,0.08999999612569809],"column":9,"row":7},"0-8":{"vector":[0.07,0.02,0.99],"column":0,"row":8},"1-8":{"vector":[0.3240000009536743,0.27399998903274536,0.8479999899864197],"column":1,"row":8},"2-8":{"vector":[0.88,0.31,0.86],"column":2,"row":8},"3-8":{"vector":[0.92,0.09,0.64],"column":3,"row":8},"4-8":{"vector":[0.99,0.12,0.53],"column":4,"row":8},"5-8":{"vector":[0.69,0.17,0.47],"column":5,"row":8},"6-8":{"vector":[0.9,0.08,0.17],"column":6,"row":8},"7-8":{"vector":[0.94,0.01,0.29],"column":7,"row":8},"8-8":{"vector":[0.91,0.43,0.02],"column":8,"row":8},"9-8":{"vector":[0.84,0.46,0.09],"column":9,"row":8},"0-9":{"vector":[0.24,0.19,0.94],"column":0,"row":9},"1-9":{"vector":[0.75,0.34,0.91],"column":1,"row":9},"2-9":{"vector":[0.81,0.1,0.87],"column":2,"row":9},"3-9":{"vector":[0.87,0.21,0.76],"column":3,"row":9},"4-9":{"vector":[0.868149995803833,0.2933499813079834,0.3023500144481659],"column":4,"row":9},"5-9":{"vector":[0.8087499737739563,0.38670000433921814,0.3281000256538391],"column":5,"row":9},"6-9":{"vector":[0.9297000169754028,0.37040001153945923,0.26899999380111694],"column":6,"row":9},"7-9":{"vector":[0.88,0.4,0.33],"column":7,"row":9},"8-9":{"vector":[0.893651008605957,0.4458320140838623,0.3369700312614441],"column":8,"row":9},"9-9":{"vector":[0.8458200097084045,0.358240008354187,0.17739999294281006],"column":9,"row":9}},"grid":{"rows":10,"columns":10}}